feature,gain,share
distance,3428.8631295894206,0.5020114429211382
equipment,1432.616081201874,0.209745807544758
log_distance,1133.2059164257855,0.16590989950065416
weight,324.91926594354544,0.047570632995411456
delta_lon,115.06884300904737,0.016846947145759884
pickup_lat,101.6094991027688,0.014876397607968387
delivery_lat,92.6399013480356,0.013563180794961624
pickup_lon,70.6334887866348,0.010341275893557898
delivery_lon,65.27060124650598,0.0095561086790922
delta_lat,39.26600979921932,0.005748840210901622
days_to_quarter_end,26.142490906024857,0.003827457989802511
weight_missing,0.013720030304587757,2.0087159941413526e-06
